id,price
1,54493.27
2,65630.38
3,23394.1
4,2262.38
5,5595.32
6,6544.67
7,3925.66
8,13539.08
9,4647.94
10,20761.55
11,4186.77
12,4679.03
13,4491.42
14,51956.31
15,39635.53
16,54785.71
17,55397.14
18,6509.85
19,73019.21
20,5490.848000000001
21,6858.31
22,66147.78
23,45318.41
24,5712.73
25,5307.1
26,3914.17
27,6128.19
28,5679.65
29,4100.12
30,6580.37
31,5545.72
32,65607.93
33,60260.0
34,53556.27
35,8202.25
36,5712.49
37,5010.44
38,44521.78
39,5458.8
40,2304.05
41,10234.69
42,78494.75
43,5206.0
44,3533.78
45,13239.43
46,3121.84
47,5841.73
48,11237.96
49,67429.5
50,6973.64
51,5567.06
52,3207.23
53,6601.43
54,4201.15
55,7150.86
56,2913.25
57,4400.46
58,39275.54
59,3206.24
60,65974.59
61,11194.9
62,45638.56
63,6468.33
64,10617.31
65,56132.85
66,58773.24
67,45080.68
68,12154.81
69,49329.4
70,45097.5
71,5378.16
72,6764.79
73,10442.38
74,7399.99
75,12432.05
76,6499.45
77,6481.96
78,3476.55
79,64552.88
80,9908.8
81,5094.27
82,6613.45
83,6957.78
84,7846.12
85,33879.65
86,59392.47
87,4952.42
88,12124.39
89,60396.0
90,4389.49
91,4184.7
92,63693.94
93,57200.18
94,82753.18
95,43177.29
96,4125.85
97,6372.17
98,13663.34
99,6284.67
100,69698.94
101,5303.7575
102,8027.2
103,6760.14
104,2915.47
105,5246.36
106,7463.66
107,54244.67
108,55239.66
109,41465.33
110,2410.0
111,43323.22
112,52377.91
113,10309.35
114,3308.0
115,3598.21
116,3904.72
117,6385.91
118,2669.87
119,6024.15
120,15230.75
121,58477.45
122,13198.38
123,5738.92
124,45636.54
125,5507.22
126,6624.99
127,6635.17
128,12447.74
129,65230.32
130,3181.53
131,6483.8
132,54961.69
133,5954.48
134,6026.84
135,3914.43
136,44599.51
137,4730.57
138,7452.88
139,3979.77
140,4826.91
141,3433.68
142,51731.61
143,7515.68
144,1718.32
145,54534.84
146,2930.36
147,6312.36
148,11453.08
149,3827.91
150,4844.71
151,7930.5
152,65196.52
153,7913.37
154,6820.87
155,62391.23
156,6270.7
157,6497.21
158,5019.94
159,5916.17
160,5156.61
161,54889.88
162,7020.37
163,68286.63
164,6682.04
165,59436.0
166,31788.71
167,60326.03
168,3754.25
169,10676.41
170,49829.86
171,1910.04
172,6855.14
173,53286.24
174,55182.72
175,4959.96
176,67322.79
177,4021.28
178,4183.59
179,5988.2
180,71423.38
181,29264.19
182,7488.4
183,12355.27
184,6079.7
185,25224.31
186,7966.51
187,8311.94
188,53305.75
189,17384.36
190,7455.67
191,58613.35
192,3090.0
193,56698.44
194,4756.02
195,4102.64
196,5766.2
197,2571.33
198,15906.5
199,12848.04
200,63380.79
201,68920.51
202,11754.43
203,3726.31
204,7391.85
205,61249.71
206,63197.42
207,4183.92
208,45257.0
209,50432.13
210,9314.89
211,59342.27
212,41988.46
213,4295.12
214,4943.68
215,6943.55
216,49744.82
217,5013.36
218,28273.2
219,7319.08
220,3345.72
221,4035.38
222,4169.07
223,22169.92
224,54914.2
225,56490.63
226,12166.85
227,7096.79
228,9844.35
229,4818.72
230,60292.02
231,4252.57
232,5965.35
233,13770.58
234,9713.0
235,3497.56
236,6251.89
237,2758.06
238,3957.82
239,2361.24
240,8023.66
241,61527.86
242,51330.94
243,3545.81
244,59639.51
245,8530.72
246,49676.7
247,53908.07
248,5335.72
249,5114.84
250,69461.95
251,7731.84
252,5610.52
253,52133.96
254,12137.89
255,6067.76
256,72349.24
257,4678.75
258,1925.27
259,4233.73
260,55239.66
261,3494.52
262,6199.04
263,54621.62
264,4013.12
265,7240.71
266,1615.66
267,40369.74
268,49787.25
269,47271.0
270,7805.91
271,6574.44
272,7402.24
273,48565.17
274,31774.14
275,2263.25
276,7633.76
277,28182.13
278,7193.55
279,32673.98
280,5972.96
281,38672.65
282,5394.77
283,5800.46
284,7363.54
285,49829.27
286,7044.8
287,40307.18
288,4625.04
289,60807.91
290,1784.08
291,1535.43
292,6561.78
293,8157.07
294,6284.43
295,4722.75
296,3673.86
297,55076.5
298,12954.35
299,10122.03
300,5339.1
301,63813.66
302,2756.42
303,7361.74
304,12169.64
305,54001.04
306,6569.4
307,50833.05
308,5238.55
309,53163.53
310,14793.08
311,4910.89
312,54435.17
313,3858.02
314,2518.16
315,3677.83
316,32466.74
317,3909.57
318,4716.82
319,9395.69
320,4387.51
321,4375.39
322,60372.39
323,5623.25
324,3498.3
325,6297.15
326,8413.69
327,6644.31
328,4746.95
329,5714.92
330,3485.46
331,10789.48
332,7959.53
333,65950.59
334,5610.81
335,6726.76
336,11496.73
337,4432.93
338,22159.82
339,13735.03
340,45027.99
341,46252.67
342,48818.35
343,4310.17
344,5880.49
345,13575.7
346,75327.56
347,3294.85
348,3398.11
349,5964.04
350,11688.09
351,3921.35
352,5949.0
353,4723.53
354,3899.05
355,4257.82
356,80035.8
357,50824.68
358,4912.12
359,4566.87
360,51527.9
361,58381.12
362,5997.59
363,51676.59
364,2475.4
365,64726.08
366,29857.63
367,3734.45
368,3780.74
369,7211.95
370,6382.27
371,8756.57
372,4036.6
373,5975.18
374,5949.0
375,11941.43
376,49613.0
377,6028.47
378,52287.0
379,4610.47
380,2126.12
381,63611.66
382,8172.71
383,4818.15
384,4275.91
385,6414.85
386,64460.64
387,65302.22
388,4963.13
389,50876.39
390,59082.28
391,62343.03
392,68530.92
393,5016.02
394,55846.39
395,69617.32
396,56526.85
397,53973.39
398,5188.88
399,7059.43
400,3159.11
401,6883.2
402,6349.03
403,10017.18
404,57534.55
405,58697.14
406,3837.33
407,5428.78
408,63524.08
409,5695.35
410,3418.96
411,5806.97
412,53928.38
413,5753.38
414,5841.83
415,5266.45
416,2457.31
417,28021.52
418,5091.21
419,53945.59
420,11485.5
421,4592.54
422,4845.27
423,3966.98
424,56918.71
425,14960.01
426,4023.9
427,3346.17
428,12535.4
429,2150.0
430,5746.89
431,49177.0
432,6495.82
433,6139.99
434,68861.32
435,2203.3
436,5473.77
437,11029.89
438,12405.02
439,6084.75
440,66657.08
441,8244.47
442,61012.04
443,6927.07
444,3715.9
445,4519.7
446,49744.82
447,54380.89
448,7899.29
449,3292.56
450,52052.39
451,51494.18
452,47431.02
453,5411.57
454,8464.35
455,4798.89
456,2086.77
457,49553.0
458,39884.32
459,11797.06
460,6903.77
461,6093.66
462,5948.66
463,4502.1
464,13261.3
465,1648.74
466,2150.0
467,6167.02
468,5031.63
469,4169.46
470,7740.24
471,10405.28
472,8243.39
473,4887.29
474,5965.16
475,4254.39
476,10488.05
477,11865.9
478,4492.47
479,13167.0
480,26169.03
481,5866.48
482,6192.6
483,2723.0
484,3353.23
485,10981.19
486,6225.31
487,64344.92
488,5297.71
489,50541.85
490,6345.54
491,51568.69
492,4751.91
493,57273.18
494,52001.62
495,5970.67
496,34238.02
497,5635.64
498,4490.73
499,72242.64
500,46643.63
501,4503.24
502,5109.73
503,63642.91
504,44493.01
505,44305.45
506,7956.99
507,5172.58
508,32143.6
509,2470.41
510,56805.52
511,6113.67
512,6238.66
513,38385.72
514,6276.59
515,72780.38
516,70987.43
517,3433.85
518,45708.25
519,4315.33
520,5768.76
521,72321.2
522,54608.0
523,4110.15
524,4679.89
525,9336.5
526,7317.74
527,6578.36
528,3113.43
529,6131.6
530,16429.6
531,52108.37
532,4013.97
533,59827.06
534,10352.8
535,10787.43
536,64372.84
537,56516.32
538,5882.43
539,4814.36
540,3550.6
541,4090.05
542,3063.89
543,9622.88
544,55060.09
545,77519.07
546,52203.16
547,3854.89
548,8880.49
549,83454.32
550,4348.02
551,55075.02
552,5782.9
553,5681.77
554,4666.93
555,5894.89
556,6016.36
557,57246.42
558,52966.93
559,6146.0
560,42789.55
561,43471.11
562,2555.58
563,6015.07
564,3388.06
565,4480.53
566,49794.92
567,13518.37
568,9494.52
569,7427.37
570,6756.07
571,4221.3
572,16867.86
573,15632.54
574,5735.94
575,47893.71
576,5070.82
577,52376.27
578,4091.25
579,49725.0
580,63210.27
581,44185.2
582,3869.7
583,2338.37
584,2203.3
585,6593.2
586,57205.01
587,13170.62
588,70978.95
589,4483.56
590,3152.3
591,7406.65
592,62360.58
593,69944.85
594,5442.0
595,12871.16
596,67664.9
597,5440.75
598,2653.98
599,11004.95
600,42044.26
601,6377.56
602,4483.97
603,3914.63
604,5088.65
605,53724.1
606,6150.1
607,65858.07
608,35850.01
609,3730.4
610,5848.12
611,53444.04
612,4219.45
613,68562.08
614,6707.76
615,6204.19
616,6568.1
617,4195.1
618,13582.83
619,61946.75
620,53073.1
621,74804.55
622,5807.09
623,6278.55
624,9839.24
625,3934.85
626,4601.58
627,46520.29
628,56684.64
629,5568.68
630,58331.58
631,5108.96
632,72180.75
633,5095.95
634,4851.77
635,3906.09
636,3378.42
637,8105.07
638,58169.04
639,2677.33
640,60661.11
641,39499.0
642,12350.55
643,3992.23
644,3961.58
645,4181.98
646,62690.02
647,69711.3
648,2750.45
649,11463.21
650,7849.64
651,50089.14
652,3959.36
653,65204.51
654,61745.96
655,6564.14
656,6780.18
657,2885.69
658,10416.4
659,53598.82
660,5874.25
661,6123.73
662,4940.86
663,3436.3
664,13590.19
665,5780.82
666,11097.51
667,11742.87
668,4156.36
669,4220.25
670,5583.71
671,58388.34
672,12106.99
673,5229.36
674,27609.66
675,58937.31
676,63616.55
677,32845.51
678,4577.96
679,14229.07
680,8068.15
681,5298.98
682,4673.32
683,7415.51
684,7414.14
685,7211.04
686,8288.96
687,12904.26
688,4528.18
689,4632.61
690,10002.72
691,4898.71
692,56750.96
693,7470.68
694,7055.22
695,4971.22
696,6424.49
697,6450.0
698,2575.98
699,11060.72
700,4501.57
701,63727.87
702,2388.88
703,3863.54
704,6269.39
705,51929.11
706,4189.51
707,51655.52
708,3636.84
709,3104.37
710,51796.34
711,11594.22
712,55838.95
713,42099.2
714,4844.89
715,57816.05
716,5295.65
717,7635.13
718,11110.82
719,26333.76
720,6779.62
721,60502.64
722,54407.4
723,54608.0
724,10514.64
725,41701.44
726,55971.57
727,7129.72
728,3260.94
729,5509.86
730,76272.02
731,28313.55
732,5708.22
733,4785.98
734,3447.85
735,45962.56
736,6263.36
737,3742.71
738,4859.82
739,60284.41
740,48769.79
741,55702.14
742,56482.81
743,4739.21
744,60176.37
745,11963.71
746,6176.79
747,54673.09
748,7740.46
749,56032.95
750,56082.72
751,5488.97
752,7237.78
753,5458.29
754,3242.15
755,5485.6
756,57885.32
757,45940.17
758,6811.71
759,55017.63
760,4309.73
761,6861.3
762,4526.4
763,8178.1
764,5213.4
765,54937.97
766,4589.58
767,72817.7
768,6450.0
769,4862.14
770,6502.21
771,4916.21
772,53074.2
773,76094.32
774,6404.35
775,4245.43
776,41298.89
777,47119.93
778,4422.92
779,4092.32
780,2461.68
781,5482.27
782,43748.64
783,5752.05
784,23338.1
785,7506.2
786,7121.73
787,11025.82
788,4296.07
789,72461.56
790,17426.25
791,45705.22
792,34091.65
793,2966.45
794,31972.07
795,23932.58
796,64864.34
797,5529.2
798,7328.5
799,7161.77
800,1704.06
801,14722.73
802,5775.27
803,3818.37
804,52311.07
805,6248.66
806,25330.16
807,74353.28
808,12974.25
809,47399.03
810,7608.9
811,43582.57
812,6260.96
813,4859.6
814,61194.52
815,6231.49
816,8727.57
817,6113.43
818,5431.63
819,4534.74
820,60771.26
821,50838.18
822,3853.09
823,24055.88
824,51078.01
825,51504.6
826,5723.95
827,59097.98
828,3256.38
829,56007.99
830,4953.97
831,10829.52
832,3720.93
833,59697.75
834,65120.07
835,5804.3
836,4239.4
837,43633.17
838,12460.28
839,4898.8
840,11535.08
841,59860.2
842,48063.95
843,2222.47
844,24062.86
845,6295.58
846,68589.42
847,43376.0
848,9052.3
849,4967.06
850,14106.6
851,4084.97
852,7706.39
853,3987.75
854,44868.78
855,19083.75
856,4650.87
857,54684.0
858,4579.48
859,6056.88
860,8087.68
861,4608.34
862,3122.49
863,53288.29
864,6182.1
865,2358.12
866,11900.04
867,56859.39
868,2124.0
869,3901.76
870,68293.82
871,4812.73
872,16982.56
873,44808.1
874,9520.51
875,69160.72
876,5437.32
877,3439.2
878,46982.4
879,4273.19
880,65829.72
881,4003.43
882,4361.45
883,9228.1
884,3935.81
885,6574.3
886,5581.39
887,3963.86
888,52724.27
889,39716.97
890,2250.76
891,4832.3
892,2241.08
893,3257.58
894,62448.0
895,9180.81
896,69754.75
897,5296.01
898,58516.1
899,6498.86
900,5392.17
901,53962.57
902,41922.71
903,9901.58
904,4919.46
905,4060.18
906,5317.89
907,52373.91
908,63035.05
909,6186.94
910,6304.33
911,5341.66
912,4130.14
913,63005.95
914,4158.21
915,5703.29
916,54801.36
917,5993.73
918,34121.2
919,3513.63
920,11457.53
921,58275.82
922,12505.79
923,55578.6
924,4720.33
925,54608.0
926,4366.3
927,63232.22
928,5773.58
929,28273.2
930,12363.81
931,10629.61
932,3405.58
933,49177.0
934,4535.02
935,4964.98
936,3662.43
937,5761.37
938,53056.1
939,13731.83
940,5725.8
941,5077.94
942,67179.79
943,5611.0
944,4230.37
945,2339.33
946,11957.66
947,57425.91
948,2150.03
949,67346.65
950,62080.17
951,44235.95
952,55476.23
953,3112.83
954,12648.95
955,3725.07
956,51821.44
957,6349.16
958,7595.17
959,3527.26
960,68601.15
961,52287.0
962,5541.29
963,11487.72
964,3871.93
965,5492.86
966,6387.27
967,65950.28
968,14518.17
969,4306.2
970,3787.19
971,9063.6
972,60648.36
973,3995.27
974,49626.0
975,59985.06
976,59783.59
977,4409.8
978,62179.23
979,5789.29
980,5698.82
981,10688.07
982,60162.39
983,6074.94
984,6066.12
985,5227.96
986,7631.74
987,10082.59
988,4959.79
989,3466.84
990,6521.1
991,55819.08
992,60654.99
993,7242.97
994,54608.0
995,11409.62
996,4328.71
997,5326.17
998,6051.16
999,7642.3
1000,4334.56
1001,3633.04
1002,10831.82
1003,60456.69
1004,3612.38
1005,12360.38
1006,12568.0
1007,3221.18
1008,3694.37
1009,17175.78
1010,2591.7
1011,31076.04
1012,49061.29
1013,4721.37
1014,59175.77
1015,64340.02
1016,47548.64
1017,41545.62
1018,12542.36
1019,6842.86
1020,3147.35
1021,14689.42
1022,4296.08
1023,2710.91
1024,54433.14
1025,13355.36
1026,56431.73
1027,4209.97
1028,50205.94
1029,4998.48
1030,54684.0
1031,4996.03
1032,3088.84
1033,42684.6
1034,7499.9
1035,5462.26
1036,30066.37
1037,5658.46
1038,43493.56
1039,3809.05
1040,3004.35
1041,62469.98
1042,33001.34
1043,9789.72
1044,6404.49
1045,5543.77
1046,61224.6
1047,37415.77
1048,4506.86
1049,6097.42
1050,2118.22
1051,3554.32
1052,5396.83
1053,5825.51
1054,59192.34
1055,3036.59
1056,6456.3
1057,4726.4
1058,8426.37
1059,7763.84
1060,3625.99
1061,63178.14
1062,50499.4
1063,4137.3
1064,8060.72
1065,10500.21
1066,5058.13
1067,17048.0
1068,20336.38
1069,45705.07
1070,1720.11
1071,4553.92
1072,40587.17
1073,58710.97
1074,16866.94
1075,12257.44
1076,6024.9
1077,6486.37
1078,4444.16
1079,16643.62
1080,3717.18
1081,43144.5
1082,4332.88
1083,5217.31
1084,12746.68
1085,4748.64
1086,6323.53
1087,9498.06
1088,7020.5
1089,14410.89
1090,6055.41
1091,6466.07
1092,10563.9
1093,5522.49
1094,5986.84
1095,8461.04
1096,53133.99
1097,64376.79
1098,4766.45
1099,4503.64
1100,45595.83
1101,2792.19
1102,13939.99
1103,3485.13
1104,61011.77
1105,2576.49
1106,7873.56
1107,5620.01
1108,7372.72
1109,58104.92
1110,2334.94
1111,11928.74
1112,54621.62
1113,6256.2
1114,52021.61
1115,12652.57
1116,4249.11
1117,63736.48
1118,44144.0
1119,6147.09
1120,3862.22
1121,3659.66
1122,2700.07
1123,5384.71
1124,4545.22
1125,52009.4
1126,6571.15
1127,4721.42
1128,48699.44
1129,7351.57
1130,4743.03
1131,11642.53
1132,7651.74
1133,64955.59
1134,5917.64
1135,5517.93
1136,5051.77
1137,5791.33
1138,28583.77
1139,5740.67
1140,3529.1
1141,4898.14
1142,6112.02
1143,2331.87
1144,6578.07
1145,45008.55
1146,59822.77
1147,11985.07
1148,41101.0
1149,8681.54
1150,2910.46
1151,4515.97
1152,11952.3
1153,4205.69
1154,6132.8
1155,13247.17
1156,6396.48
1157,3772.95
1158,45178.58
1159,5683.01
1160,2436.51
1161,6157.2
1162,5959.02
1163,5844.52
1164,76501.11
1165,6026.8
1166,49920.57
1167,6677.81
1168,5371.16
1169,12550.3
1170,6221.2
1171,5691.85
1172,35671.5
1173,2884.14
1174,6756.29
1175,2737.14
1176,4188.22
1177,2116.7
1178,4635.01
1179,12510.8
1180,4479.57
1181,4461.11
1182,5436.81
1183,37693.4
1184,56842.24
1185,18272.55
1186,6106.62
1187,53294.9
1188,2744.08
1189,5919.24
1190,13620.36
1191,67933.49
1192,56019.45
1193,17027.44
1194,4700.45
1195,2147.84
1196,11941.25
1197,74343.34
1198,13460.695
1199,5099.74
1200,5961.97
1201,11846.96
1202,22313.06
1203,5918.01
1204,54312.87
1205,5950.44
1206,15043.16
1207,4529.25
1208,5880.84
1209,8188.32
1210,5266.28
1211,56879.64
1212,55995.37
1213,3512.04
1214,5686.16
1215,4376.36
1216,17129.05
1217,3394.41
1218,2907.09
1219,57997.59
1220,30178.28
1221,72638.44
1222,3890.22
1223,3816.33
1224,48014.83
1225,52578.57
1226,4454.51
1227,6407.55
1228,4500.4
1229,11182.03
1230,49328.21
1231,4524.37
1232,5341.18
1233,4433.97
1234,5776.8
1235,60446.43
1236,4965.83
1237,63449.35
1238,4159.02
1239,9849.1
1240,11910.03
1241,51646.52
1242,6370.23
1243,58023.37
1244,5660.9
1245,6259.86
1246,5981.24
1247,5895.34
1248,4851.86
1249,6325.15
1250,7365.42
1251,4589.2
1252,56568.0
1253,60175.36
1254,2402.4
1255,3340.84
1256,54918.62
1257,5347.59
1258,5177.67
1259,5575.77
1260,12976.03
1261,3606.09
1262,10598.93
1263,12326.77
1264,39925.94
1265,3943.84
1266,33993.52
1267,5164.72
1268,7270.68
1269,7773.65
1270,62596.04
1271,7475.08
1272,5364.13
1273,17968.03916666667
1274,10702.85
1275,6004.02
1276,4346.39
1277,77716.07
1278,9133.82
1279,13989.69
1280,73366.61
1281,23934.88
1282,58553.28
1283,4459.5
1284,5764.31
1285,3803.03
1286,58076.44
1287,7021.14
1288,74209.2
1289,4987.98
1290,8642.19
1291,6035.55
1292,49917.1
1293,11521.18
1294,9920.96
1295,4872.92
1296,51435.84
1297,4101.06
1298,10559.58
1299,12113.28
1300,10611.31
1301,7010.95
1302,54252.87
1303,2372.84
1304,3821.58
1305,7108.57
1306,4517.5
1307,5410.66
1308,6601.43
1309,53688.13
1310,66581.61
1311,6090.47
1312,13418.56
1313,50502.12
1314,39813.82
1315,10651.37
1316,13551.04
1317,5328.47
1318,5517.67
1319,1986.34
1320,21846.27
1321,6021.84
1322,7704.75
1323,2124.0
1324,6065.42
1325,55395.75
1326,3090.0
1327,6043.6
1328,69069.35
1329,4322.99
1330,7080.49
1331,7350.22
1332,11875.17
1333,1910.0
1334,13219.55
1335,9989.96
1336,6705.63
1337,37168.03
1338,7207.41
1339,5541.0
1340,7430.16
1341,8087.11
1342,2349.8
1343,2415.01
1344,7551.07
1345,2190.92
1346,67154.24
1347,4516.38
1348,48742.59
1349,5744.03
1350,6161.65
1351,11080.13
1352,10876.62
1353,11091.56
1354,4234.66
1355,8414.27
1356,43097.77
1357,29144.89
1358,10258.73
1359,8098.98
1360,13262.8
1361,4319.71
1362,46116.64
1363,8005.77
1364,5523.23
1365,44217.05
1366,68370.24
1367,11513.01
1368,6708.51
1369,51817.0
1370,59375.14
1371,4212.58
1372,21729.52
1373,6595.39
1374,45607.7
1375,4501.43
1376,10578.67
1377,5073.0
1378,4148.67
1379,4499.24
1380,54747.73
1381,4535.51
1382,72747.48
1383,51562.76
1384,42009.43
1385,5465.64
1386,4048.46
1387,3502.71
1388,5921.82
1389,57813.51
1390,5391.03
1391,43083.32
1392,2181.28
1393,49772.24
1394,51596.2
1395,2645.05
1396,4892.52
1397,6654.75
1398,54608.0
1399,36060.13
1400,68478.95
1401,11589.77
1402,56403.6
1403,6564.12
1404,2409.07
1405,32719.92
1406,9199.52
1407,73009.89
1408,11209.984285714287
1409,4176.98
1410,45715.01
1411,9457.86
1412,6637.16
1413,70336.5
1414,12043.87
1415,54353.26
1416,5752.31
1417,6113.28
1418,2150.0
1419,4977.68
1420,4618.81
1421,59340.9
1422,4061.08
1423,38910.13
1424,5962.06
1425,49730.46
1426,4467.44
1427,8281.11
1428,44468.61
1429,2143.98
1430,3333.56
1431,49006.35
1432,59377.9
1433,3642.33
1434,1818.55
1435,3231.22
1436,69229.3
1437,6896.01
1438,29208.87
1439,59262.31
1440,48443.09
1441,7813.28
1442,63321.39
1443,52135.1
1444,7121.96
1445,63416.21
1446,53996.89
1447,7942.54
1448,42807.59
1449,3061.06
1450,68375.27
1451,4493.35
1452,50866.75
1453,5176.49
1454,5430.67
1455,4485.72
1456,42157.55
1457,52268.52
1458,6251.15
1459,3108.57
1460,3517.99
1461,12684.37
1462,6081.82
1463,48853.24
1464,3035.25
1465,3034.34
1466,2480.13
1467,44518.87
1468,44323.22
1469,52638.84
1470,5113.55
1471,13737.09
1472,11620.92
1473,3731.86
1474,55062.84
1475,3714.23
1476,12112.16
1477,49444.76
1478,4444.61
1479,6975.24
1480,12641.44
1481,43308.39
1482,41352.79
1483,4032.02
1484,4469.6
1485,6658.05
1486,11066.72
1487,7495.59
1488,39962.07
1489,6697.8
1490,9006.86
1491,8264.12
1492,45583.36
1493,52808.23
1494,9688.88
1495,54453.02
1496,60515.24
1497,2703.12
1498,7515.37
1499,4746.355
1500,6006.8
1501,7023.8
1502,17248.07
1503,3608.11
1504,10379.86
1505,4717.35
1506,72507.59
1507,3422.85
1508,69973.67
1509,46703.93
1510,60343.77
1511,8914.52
1512,60132.19
1513,49522.79
1514,6315.77
1515,43617.6
1516,38291.9
1517,4627.19
1518,5937.95
1519,73848.41
1520,5272.69
1521,4461.6
1522,3119.91
1523,5873.85
1524,56987.23
1525,9798.53
1526,11727.94
1527,12496.23
1528,38268.91
1529,6080.96
1530,8318.17
1531,45603.79
1532,6006.23
1533,39563.18
1534,8360.43
1535,6014.66
1536,40583.38
1537,11662.62
1538,13104.98
1539,4650.87
1540,5947.54
1541,7323.6
1542,59290.78
1543,6806.31
1544,42775.3
1545,28085.55
1546,54684.0
1547,25226.72
1548,11081.12
1549,5535.16
1550,44554.45
1551,5907.53
1552,8111.38
1553,82376.89
1554,7620.91
1555,4599.8
1556,4818.49
1557,8926.06
1558,33382.61
1559,11202.76
1560,82258.67
1561,7493.31
1562,6692.87
1563,58013.06
1564,68857.11
1565,6650.63
1566,7406.31
1567,5959.5
1568,7684.52
1569,55398.53
1570,3506.1
1571,8060.92
1572,4487.78
1573,3372.72
1574,13978.07
1575,53336.37
1576,12839.79
1577,7384.58
1578,55377.0
1579,5334.81
1580,6451.2
1581,51644.95
1582,2443.53
1583,68109.67
1584,4531.42
1585,4987.35
1586,12333.83
1587,3889.25
1588,6233.29
1589,45257.0
1590,73942.96
1591,51396.31
1592,5370.09
1593,7704.64
1594,1856.57
1595,6418.77
1596,2821.89
1597,5926.56
1598,22161.12
1599,5486.74
1600,55173.96
1601,11061.88
1602,11582.38
1603,5843.61
1604,11292.46
1605,6982.22
1606,59300.94
1607,3556.66
1608,6689.3
1609,5223.71
1610,58600.63
1611,3987.95
1612,5479.81
1613,5425.92
1614,4504.83
1615,51661.77
1616,38848.66
1617,52150.71
1618,4969.07
1619,5898.37
1620,55790.92
1621,65561.4
1622,4574.97
1623,4284.48
1624,3661.88
1625,4160.36
1626,6824.31
1627,70021.18
1628,8412.81
1629,40807.76
1630,52554.84
1631,9460.39
1632,5206.0
1633,7633.07
1634,6095.89
1635,8761.75
1636,7429.83
1637,11562.95
1638,9772.54
1639,5170.9
1640,5873.0
1641,70487.9
1642,13266.69
1643,12051.41
1644,6732.06
1645,60467.89
1646,6450.0
1647,61458.22
1648,43698.32
1649,6358.55
1650,14109.87
1651,53788.33
1652,11153.78
1653,56195.69
1654,2350.59
1655,16362.86
1656,10000.28
1657,5678.59
1658,61714.06
1659,4219.86
1660,6288.64
1661,55280.5
1662,6304.64
1663,5431.47
1664,55529.41
1665,5401.59
1666,3060.61
1667,10929.11
1668,8259.56
1669,5046.14
1670,50452.64
1671,56869.81
1672,5308.48
1673,3878.82
1674,12491.89
1675,34174.8
1676,60204.47
1677,1820.3
1678,56913.92
1679,5596.13
1680,59352.46
1681,5819.09
1682,56285.8
1683,4129.75
1684,4459.25
1685,3122.43
1686,3302.73
1687,3853.08
1688,5728.77
1689,1722.6
1690,1648.74
1691,6224.91
1692,5232.34
1693,4779.16
1694,57511.2
1695,2410.0
1696,3522.7
1697,6616.55
1698,3770.36
1699,55313.91
1700,7006.74
1701,5660.45
1702,5800.02
1703,5474.63
1704,2751.95
1705,8527.21
1706,6908.07
1707,5035.98
1708,4499.51
1709,7227.83
1710,5112.91
1711,6967.34
1712,13183.11
1713,5693.55
1714,5571.38
1715,44466.32
1716,4755.99
1717,4511.19
1718,10018.08
1719,2264.13
1720,54608.0
1721,22152.84
1722,6004.34
1723,5955.0
1724,7542.66
1725,67937.12
1726,50954.98
1727,6099.42
1728,56595.91
1729,4695.78
1730,4497.86
1731,60061.48
1732,5964.83
1733,20116.81
1734,6002.39
1735,5915.64
1736,38515.53
1737,51118.56
1738,11853.29
1739,2924.36
1740,4022.7
1741,5947.15
1742,1613.24
1743,2233.78
1744,4698.08
1745,6352.86
1746,2618.18
1747,12626.08
1748,5029.405
1749,50663.72
1750,5946.58
1751,55469.57
1752,10385.96
1753,4627.9
1754,68265.75
1755,6130.53
1756,41960.66
1757,50294.96
1758,9473.56
1759,62476.44
1760,26356.89
1761,57787.39
1762,9099.09
1763,5291.07
1764,2124.0
1765,6477.33
1766,2131.38
1767,4436.07
1768,5601.85
1769,9838.57
1770,6409.8
1771,6471.77
1772,12937.65
1773,56934.36
1774,3228.63
1775,58966.0
1776,6203.46
1777,4111.12
1778,7966.24
1779,1242.85
1780,57173.37
1781,9638.95
1782,4014.6
1783,73399.81
1784,3974.51
1785,41281.85
1786,6620.9
1787,6992.47
1788,11650.84
1789,6666.84
1790,2404.98
1791,4283.74
1792,14955.6
1793,3955.64
1794,8790.19
1795,10256.98
1796,6172.37
1797,5873.34
1798,66419.12
1799,1862.22
1800,4640.93
1801,4550.73
1802,5881.85
1803,2129.66
1804,62831.97
1805,10883.5
1806,3040.29
1807,8459.39
1808,5192.35
1809,6105.59
1810,65457.8
1811,5042.6
1812,4810.31
1813,81618.89
1814,6071.52
1815,8544.42
1816,5912.4
1817,64427.85
1818,3534.34
1819,1978.01
1820,4556.73
1821,9596.89
1822,52354.57
1823,26362.16
1824,6773.99
1825,10634.21
1826,7835.37
1827,13870.32
1828,54608.0
1829,17134.87
1830,5440.84
1831,22140.0
1832,39097.45
1833,4203.15
1834,4566.6
1835,28064.44
1836,2676.41
1837,6541.35
1838,5095.52
1839,11486.97
1840,69485.02
1841,5281.78
1842,50230.87
1843,56182.71
1844,14767.97
1845,15044.3
1846,5840.48
1847,5487.52
1848,5410.36
1849,7836.35
1850,4989.76
1851,9597.8
1852,6220.03
1853,4672.04
1854,11390.82
1855,6347.48
1856,5711.2
1857,55058.4
1858,10749.33
1859,5862.91
1860,9371.49
1861,5423.76
1862,53509.27
1863,4308.09
1864,2940.25
1865,62548.45
1866,14984.31
1867,5317.4
1868,5161.91
1869,4577.94
1870,6929.07
1871,3719.13
1872,68849.49
1873,8780.31
1874,6953.13
1875,5218.88
1876,6642.71
1877,12874.77
1878,45928.44
1879,4843.63
1880,2578.31
1881,13370.67
1882,10355.32
1883,10465.37
1884,5949.0
1885,2571.21
1886,2431.89
1887,54626.1
1888,7622.87
1889,4437.85
1890,55063.3
1891,6214.98
1892,4849.0
1893,4322.39
1894,5965.45
1895,6066.98
1896,54684.0
1897,10785.97
1898,1820.65
1899,4406.45
1900,10054.66
1901,4393.74
1902,4978.52
1903,4723.19
1904,4590.49
1905,12580.5
1906,38248.53
1907,1829.31
1908,6395.21
1909,5889.22
1910,3397.96
1911,10032.78
1912,6450.67
1913,4368.98
1914,13514.15
1915,6157.85
1916,6092.22
1917,41430.25
1918,6600.23
1919,5094.56
1920,5498.52
1921,6087.02
1922,71214.24
1923,2225.23
1924,63841.19
1925,5338.41
1926,3639.43
1927,56515.2
1928,6504.87
1929,5296.31
1930,2214.35
1931,7237.03
1932,6531.58
1933,11389.87
1934,12743.73
1935,3445.9
1936,53270.13
1937,7249.3
1938,6617.13
1939,4260.23
1940,2559.74
1941,54533.39
1942,11185.26
1943,6932.48
1944,5846.28
1945,52548.38
1946,3930.63
1947,13276.69
1948,4562.02
1949,5138.51
1950,8709.41
1951,2032.53
1952,7600.28
1953,47697.8
1954,8826.65
1955,61473.07
1956,11502.02
1957,5014.11
1958,48341.74
1959,3922.34
1960,4717.85
1961,51621.58
1962,7330.46
1963,42603.57
1964,55306.94
1965,3518.68
1966,32797.99
1967,13368.37
1968,3142.11
1969,15680.77
1970,5320.18
1971,4916.99
1972,2065.82
1973,39673.95
1974,3739.79
1975,14615.07
1976,3752.27
1977,5960.1
1978,55408.45
1979,4156.64
1980,5415.07
1981,4845.86
1982,62448.0
1983,41320.77
1984,4289.33
1985,66275.29
1986,56431.22
1987,9021.06
1988,52312.28
1989,56436.87
1990,51797.03
1991,5367.5
1992,7361.5
1993,5226.81
1994,3670.71
1995,2224.28
1996,1768.58
1997,11890.26
1998,4873.01
1999,1611.55
2000,6970.04
2001,64555.36
2002,4189.57
2003,4113.97
2004,68434.4
2005,2358.38
2006,6964.32
2007,46410.89
2008,34272.46
2009,61402.84
2010,10689.14
2011,4496.19
2012,6310.18
2013,4864.73
2014,12865.65
2015,12198.79
2016,12168.43
2017,10222.73
2018,10719.19
2019,10684.81
2020,3717.19
2021,7917.83
2022,7142.72
2023,5852.61
2024,8861.99
2025,12852.35
2026,10230.5
2027,2933.62
2028,5944.78
2029,6815.09
2030,3757.01
2031,16343.54
2032,42584.12
2033,3100.77
2034,31930.11
2035,41075.01
2036,6660.46
2037,3562.69
2038,49971.84
2039,67180.24
2040,55436.17
2041,60034.64
2042,6536.41
2043,4183.91
2044,7955.94
2045,49821.99
2046,56759.69
2047,39499.0
2048,4222.24
2049,8257.85
2050,4382.86
2051,2298.4
2052,41830.4
2053,56593.56
2054,6264.14
2055,49808.36
2056,46069.25
2057,58436.1
2058,6397.69
2059,3454.0
2060,4495.67
2061,62448.0
2062,4457.08
2063,6301.67
2064,5253.84
2065,5936.19
2066,5907.47
2067,5746.41
2068,7562.71
2069,7297.43
2070,5038.88
2071,2553.3
2072,58953.86
2073,4484.13
2074,5075.66
2075,63950.88
2076,11873.03
2077,1621.29
2078,6707.74
2079,6088.87
2080,6064.06
2081,48779.84
2082,5518.93
2083,5720.15
2084,1764.61
2085,49638.88
2086,6770.48
2087,66237.88
2088,71667.25
2089,4264.64
2090,3807.65
2091,11556.75
2092,5911.55
2093,3603.81
2094,62361.16
2095,12187.04
2096,56873.55
2097,12231.75
2098,6017.52
2099,57320.41
2100,8275.25
2101,7331.96
2102,3185.81
2103,68721.76
2104,60958.12
2105,49725.0
2106,5380.12
2107,8075.13
2108,3863.83
2109,10783.53
2110,53545.41
2111,4117.18
2112,6745.58
2113,3535.98
2114,55608.04
2115,6571.15
2116,40131.41
2117,6225.97
2118,4402.01
2119,46216.0
2120,5030.43
2121,44174.73
2122,6172.52
2123,49577.07
2124,7526.39
2125,64084.56
2126,3348.05
2127,44833.42
2128,3209.86
2129,59885.47
2130,5039.41
2131,51639.09
2132,58345.22
2133,3484.85
2134,6244.81
2135,2408.79
2136,3441.52
2137,5520.38
2138,54641.71
2139,5323.39
2140,8516.92
2141,4944.98
2142,56397.59
2143,6234.92
2144,55494.52
2145,4278.85
2146,4831.44
2147,5396.07
2148,4601.34
2149,7546.76
2150,6275.83
2151,6267.59
2152,7647.62
2153,46748.3
2154,52997.0
2155,32063.94
2156,5218.23
2157,13726.54
2158,13567.02
2159,11311.8
2160,7369.17
2161,51692.64
2162,3770.87
2163,60127.19
2164,5479.45
2165,6910.3
2166,4126.21
2167,56426.24
2168,58515.24
2169,5491.17
2170,6818.21
2171,51502.31
2172,4033.71
2173,4346.75
2174,3005.98
2175,5824.1
2176,38383.86
2177,50340.25
2178,56166.74
2179,10988.33
2180,64992.84
2181,3090.0
2182,39816.82
2183,41921.66
2184,4874.26
2185,7214.5
2186,8337.56
2187,14760.2
2188,7558.11
2189,5927.81
2190,12650.55
2191,41314.0
2192,6472.22
2193,6534.35
2194,2214.9
2195,4856.06
2196,61085.75
2197,62448.0
2198,56089.51
2199,3060.23
2200,5489.97
2201,5554.69
2202,5847.8
2203,7704.09
2204,8510.26
2205,6450.2
2206,3862.82
2207,77648.17
2208,5261.48
2209,67712.41
2210,11221.36
2211,12734.97
2212,47717.55
2213,65471.11
2214,10473.9
2215,4385.38
2216,7415.22
2217,56332.44
2218,52022.09
2219,3522.22
2220,55996.9
2221,5454.85
2222,3045.49
2223,5773.2
2224,4357.31
2225,4052.14
2226,6324.0
2227,5119.64
2228,11709.67
2229,11797.39
2230,3434.37
2231,3229.5
2232,58735.52
2233,14087.73
2234,5906.21
2235,55834.77
2236,5319.23
2237,11347.7275
2238,4303.04
2239,6716.53
2240,56138.35
2241,9259.14
2242,5113.77
2243,53011.45
2244,2150.0
2245,4462.4
2246,7938.84
2247,3718.96
2248,6137.64
2249,5244.81
2250,5819.33
2251,10376.89
2252,52897.21
2253,8304.24
2254,48617.93
2255,4099.19
2256,6620.42
2257,3830.58
2258,6273.54
2259,5894.51
2260,6039.4
2261,7540.91
2262,10342.25
2263,10943.29
2264,6244.0
2265,2610.62
2266,26248.4
2267,41778.8
2268,10977.96
2269,5823.57
2270,4709.63
2271,3509.62
2272,5166.97
2273,2124.0
2274,52789.15
2275,47697.63
2276,2534.81
2277,10021.19
2278,2440.88
2279,10779.86
2280,41064.0
2281,4090.96
2282,64415.58
2283,61276.27
2284,8763.39
2285,7877.18
2286,47924.51
2287,62470.0
2288,2300.61
2289,5613.63
2290,3560.26
2291,4837.36
2292,2222.36
2293,16598.0
2294,9770.98
2295,5566.5
2296,6515.4
2297,27863.28
2298,6624.38
2299,10992.92
2300,3402.27
2301,44653.17
2302,5415.27
2303,57239.29
2304,7948.99
2305,49330.99
2306,7716.71
2307,16584.06
2308,69438.47
2309,3872.92
2310,7344.29
2311,60139.09
2312,13964.06
2313,45199.89
2314,4896.03
2315,13143.52
2316,6527.41
2317,53222.69
2318,23394.1
2319,11935.5
2320,6330.71
2321,55221.74
2322,2969.86
2323,14439.63
2324,9335.17
2325,5955.05
2326,5754.69
2327,11877.37
2328,32558.58
2329,5975.33
2330,6035.32
2331,46517.61
2332,8740.78
2333,8197.59
2334,12439.86
2335,51106.01
2336,53007.12
2337,53553.15
2338,2941.56
2339,39484.44
2340,8096.86
2341,39615.95
2342,4843.4
2343,55469.19
2344,6462.75
2345,55657.25
2346,4191.62
2347,6871.1
2348,10171.73
2349,6167.99
2350,55699.56
2351,4093.18
2352,4595.48
2353,4884.73
2354,2364.34
2355,4802.83
2356,39451.71
2357,47178.32
2358,4590.43
2359,5762.55
2360,6936.61
2361,57436.21
2362,63234.63
2363,4612.48
2364,50883.56
2365,6511.53
2366,60306.72
2367,4069.94
2368,73942.96
2369,57477.34
2370,6288.9
2371,6286.81
2372,3853.12
2373,5801.71
2374,4252.87
2375,4164.9
2376,44733.81
2377,12387.36
2378,55399.4
2379,4809.29
2380,24723.69
2381,3868.2
2382,10676.98
2383,79454.3
2384,7807.12
2385,10124.07
2386,52217.96
2387,4964.69
2388,6555.68
2389,2333.84
2390,52140.51
2391,5444.54
2392,10774.96
2393,6759.51
2394,15142.0
2395,22169.8
2396,48723.71
2397,4518.04
2398,9072.46
2399,7386.4
2400,12800.02
2401,62303.95
2402,4480.15
2403,24192.74
2404,45361.49
2405,6084.91
2406,5268.67
2407,4525.23
2408,10398.28
2409,9598.21
2410,41074.46
2411,6610.34
2412,5800.37
2413,2769.95
2414,59691.32
2415,9874.9
2416,44180.57
2417,10626.09
2418,4729.46
2419,6054.7
2420,6017.88
2421,6178.59
2422,64011.14
2423,4494.37
2424,2356.79
2425,5398.62
2426,63314.67
2427,5315.84
2428,54321.0
2429,59995.76
2430,12479.84
2431,22200.56
2432,66965.22
2433,7562.15
2434,5419.18
2435,7543.68
2436,3939.75
2437,52194.9
2438,52052.39
2439,4735.68
2440,49409.72
2441,4288.8
2442,7260.77
2443,5800.94
2444,2544.07
2445,2933.47
2446,9653.57
2447,6851.99
2448,7905.73
2449,4965.39
2450,4923.53
2451,6942.35
2452,8512.78
2453,6709.46
2454,49611.24
2455,13145.88
2456,52287.0
2457,23988.68
2458,15652.74
2459,40096.52
2460,45302.68
2461,7614.31
2462,6066.38
2463,5469.44
2464,7803.74
2465,4498.0
2466,2004.43
2467,4390.48
2468,6229.04
2469,5232.35
2470,5698.93
2471,7520.71
2472,4088.72
2473,4502.64
2474,4206.76
2475,7753.27
2476,4314.79
2477,4001.05
2478,11940.07
2479,78765.69
2480,5125.1
2481,32837.19
2482,6145.09
2483,65421.53
2484,53037.41
2485,59672.26
2486,6047.66
2487,5163.98
2488,53942.6
2489,3789.66
2490,8077.98
2491,62744.95
2492,13405.47
2493,5230.26
2494,4719.32
2495,3219.51
2496,4698.08
2497,2499.01
2498,9409.52
2499,64018.44
2500,3654.61
2501,52668.99
2502,10187.08
2503,3096.0
2504,13293.19
2505,54886.65
2506,2640.84
2507,17604.0
2508,8055.2
2509,3945.44
2510,4927.83
2511,53538.51
2512,10309.6
2513,4302.12
2514,6030.97
2515,12658.18
2516,4555.35
2517,2284.84
2518,51830.47
2519,57845.66
2520,60508.0
2521,3761.31
2522,68771.67
2523,55983.0
2524,48832.82
2525,64419.42
2526,6158.75
2527,7327.23
2528,13846.85
2529,3114.07
2530,7191.54
2531,56517.49
2532,61255.64
2533,4908.48
2534,46842.28
2535,6324.81
2536,7833.95
2537,3916.71
2538,7479.02
2539,3272.84
2540,55505.1
2541,12739.73
2542,11818.12
2543,24482.36
2544,23264.16
2545,5367.41
2546,54684.0
2547,4643.3
2548,2171.02
2549,39442.1
2550,6297.46
2551,4111.43
2552,6238.05
2553,7015.9
2554,44144.0
2555,66534.95
2556,7717.75
2557,6287.91
2558,2383.86
2559,3142.11
2560,7562.28
2561,6905.82
2562,6012.39
2563,13743.39
2564,4316.14
2565,13576.17
2566,12648.55
2567,3464.63
2568,8010.61
2569,7236.87
2570,48085.96
2571,63529.81
2572,2124.0
2573,2199.55
2574,49678.68
2575,5148.3
2576,49055.32
2577,72169.72
2578,8108.98
2579,3467.91
2580,71350.88
2581,53430.6
2582,55871.43
2583,49100.02
2584,5225.16
2585,5952.96
2586,4515.88
2587,57826.33
2588,4919.3
2589,5144.28
2590,5649.8
2591,3621.8
2592,3499.21
2593,6896.38
2594,42956.99
2595,11025.99
2596,42076.8
2597,12697.91
2598,62365.53
2599,4539.07
2600,63264.34
2601,11464.66
2602,3953.32
2603,66836.55
2604,3756.01
2605,15207.59
2606,55733.66
2607,6495.6
2608,5441.97
2609,4454.55
2610,4279.36
2611,9263.89
2612,10832.32
2613,3313.22
2614,5951.1
2615,44871.04
2616,7227.95
2617,5023.74
2618,67167.56
2619,13056.98
2620,9296.93
2621,2631.42
2622,3944.31
2623,7005.85
2624,55307.04
2625,58453.96
2626,5876.75
2627,65140.46
2628,57826.28
2629,54992.68
2630,7804.59
2631,5566.77
2632,3548.07
2633,55824.03
2634,9144.74
2635,3151.23
2636,3833.65
2637,6352.58
2638,63252.9
2639,11713.05
2640,5991.4
2641,3911.56
2642,56506.61
2643,38498.38
2644,4104.44
2645,4131.91
2646,2506.79
2647,33054.1
2648,8976.97
2649,6409.14
2650,57336.17
2651,56843.29
2652,2307.95
2653,5175.57
2654,4040.36
2655,4743.16
2656,5060.71
2657,52471.12
2658,59021.0
2659,51713.77
2660,49686.58
2661,63198.28
2662,2121.04
2663,58512.26
2664,7947.23
2665,5247.01
2666,41902.47
2667,55256.12
2668,54740.2
2669,60302.36
2670,2735.2
2671,13250.04
2672,6055.97
2673,9985.06
2674,4978.75
2675,7395.36
2676,6408.89
2677,2405.01
2678,2416.98
2679,2269.94
2680,5749.48
2681,5470.48
2682,6990.55
2683,2998.01
2684,5949.27
2685,4570.61
2686,6202.23
2687,63774.41
2688,60082.25
2689,14084.11
2690,12956.49
2691,24351.64
2692,4059.71
2693,6289.6
2694,2201.72
2695,9655.4
2696,2862.6
2697,7372.11
2698,11690.09
2699,61162.13
2700,51557.59
2701,45793.52
2702,3086.33
2703,6939.89
2704,4478.38
2705,14100.7
2706,5809.68
2707,38213.73
2708,49735.92
2709,6169.33
2710,52793.8
2711,4849.8
2712,4996.18
2713,4764.4
2714,56536.69
2715,6213.91
2716,4175.96
2717,62328.36
2718,4107.23
2719,7286.94
2720,6105.19
2721,2419.23
2722,11441.92
2723,66699.95
2724,17836.975
2725,3002.55
2726,5531.99
2727,6273.1
2728,4886.27
2729,2610.6
2730,11085.87
2731,55785.91
2732,2880.62
2733,5697.16
2734,50731.2
2735,4693.82
2736,6881.46
2737,49613.0
2738,4431.43
2739,60162.74
2740,4930.47
2741,8675.15
2742,7039.23
2743,70668.2
2744,4926.69
2745,54653.81
2746,6619.17
2747,3966.44
2748,58750.04
2749,6158.6
2750,10409.22
2751,57061.27
2752,6707.39
2753,66813.9
2754,4958.25
2755,6001.65
2756,6221.38
2757,62524.03
2758,2581.21
2759,42448.05
2760,5160.81
2761,52236.97
2762,15691.07
2763,6500.74
2764,57603.34
2765,12802.98
2766,9780.825
2767,7205.31
2768,60942.18
2769,11390.21
2770,54760.11
2771,3226.87
2772,2728.13
2773,3798.92
2774,3326.86
2775,10771.27
2776,7675.55
2777,9371.19
2778,12082.85
2779,10305.31
2780,52568.45
2781,39159.14
2782,20619.59
2783,7694.54
2784,11463.84
2785,6499.55
2786,3799.55
2787,6982.34
2788,6435.52
2789,6330.4
2790,3151.69
2791,2309.78
2792,1852.8
2793,46557.34
2794,4500.0
2795,52121.76
2796,8276.26
2797,12436.63
2798,5854.25
2799,49690.34
2800,6587.81
2801,6323.32
2802,4123.14
2803,28361.28
2804,2793.12
2805,6204.69
2806,59965.42
2807,63684.55
2808,4827.68
2809,51471.8
2810,6065.82
2811,4431.72
2812,6650.87
2813,11865.18
2814,1776.0
2815,6860.77
2816,6991.58
2817,7545.52
2818,5478.69
2819,2818.65
2820,3613.09
2821,7556.98
2822,5323.94
2823,4161.13
2824,6126.25
2825,2491.88
2826,6255.14
2827,4409.23
2828,54347.77
2829,10301.31
2830,5336.55
2831,4082.58
2832,6284.21
2833,4613.65
2834,5149.31
2835,9296.44
2836,1837.34
2837,8111.88
2838,46545.16
2839,49247.61
2840,5538.9
2841,40829.06
2842,47289.81
2843,51934.62
2844,57830.26
2845,2892.13
2846,5084.74
2847,22233.08
2848,7331.14
2849,2975.75
2850,46821.75
2851,4725.5
2852,6277.78
2853,50995.19
2854,55829.16
2855,14140.93
2856,8544.89
2857,51694.9
2858,5196.58
2859,17934.34
2860,6131.38
2861,4341.39
2862,7481.92
2863,4038.62
2864,59869.34
2865,2864.28
2866,2740.36
2867,5838.2
2868,12687.1
2869,52982.67
2870,11133.8
2871,48720.38
2872,56993.3
2873,9604.42
2874,13076.88
2875,6428.78
2876,5966.18
2877,5150.43
2878,7961.8
2879,10113.74
2880,32251.5
2881,2530.0
2882,49449.85
2883,45293.91
2884,8751.38
2885,3547.35
2886,46688.54
2887,7539.48
2888,24124.74
2889,3096.0
2890,1866.1
2891,5496.32
2892,41280.2
2893,6883.23
2894,4167.28
2895,7804.68
2896,13884.71
2897,5524.15
2898,3927.99
2899,12275.06
2900,6537.35
2901,4507.88
2902,56847.22
2903,11991.35
2904,52149.4
2905,5343.65
2906,55241.94
2907,6062.99
2908,48255.52
2909,46324.63
2910,8740.1
2911,5837.29
2912,5138.34
2913,5001.86
2914,56999.29
2915,5637.11
2916,5001.03
2917,4952.35
2918,7607.14
2919,60380.61
2920,13790.68
2921,3071.24
2922,7718.62
2923,17193.68
2924,40735.3
2925,17243.39
2926,7713.11
2927,5200.92
2928,5568.3
2929,39039.0
2930,10329.18
2931,15760.48
2932,5660.65
2933,69100.97
2934,12896.56
2935,57452.48
2936,49138.58
2937,7918.34
2938,6824.2
2939,5566.58
2940,4540.0
2941,56515.2
2942,6066.04
2943,5371.11
2944,2575.02
2945,15049.44
2946,63630.49
2947,11256.19
2948,40815.0
2949,4374.22
2950,5542.24
2951,6497.18
2952,7494.06
2953,54608.0
2954,17139.82
2955,46248.05
2956,11348.37
2957,5799.63
2958,4827.56
2959,6665.97
2960,6958.23
2961,3929.65
2962,3102.64
2963,11034.68
2964,7884.83
2965,42707.32
2966,4282.92
2967,4898.55
2968,50682.38
2969,5241.05
2970,17794.0
2971,6189.97
2972,8132.5
2973,2195.98
2974,7794.91
2975,48154.17
2976,54684.0
2977,15898.54
2978,4523.66
2979,6467.4
2980,5789.34
2981,5927.37
2982,52131.43
2983,11919.81
2984,54608.0
2985,5860.88
2986,5985.74
2987,6565.55
2988,65170.7
2989,12329.36
2990,3524.39
2991,72629.29
2992,45900.03
2993,1932.84
2994,4282.05
2995,3138.43
2996,45328.73
2997,5958.34
2998,45498.28
2999,5949.0
3000,5541.31
3001,4826.52
3002,61732.1
3003,3153.85
3004,6000.31
3005,5659.32
3006,46453.16
3007,7391.87
3008,62366.73
3009,7199.64
3010,65319.22
3011,6369.06
3012,7160.27
3013,2411.9
3014,38436.43
3015,41320.79
3016,42015.29
3017,83201.44
3018,58700.86
3019,8385.57
3020,3595.76
3021,4880.45
3022,4186.27
3023,2767.64
3024,6153.07
3025,5131.74
3026,6759.84
3027,58815.03
3028,4985.04
3029,6450.0
3030,4612.27
3031,3997.28
3032,6105.0
3033,60442.55
3034,6234.01
3035,45629.3
3036,4061.15
3037,5832.51
3038,4727.78
3039,14883.91
3040,54541.67
3041,5839.59
3042,12859.15
3043,4319.59
3044,4034.31
3045,6914.74
3046,4150.47
3047,62538.29
3048,9208.76
3049,61898.23
3050,2334.42
3051,48503.23
3052,54407.25
3053,6657.39
3054,54684.0
3055,50614.23
3056,3620.22
3057,7908.23
3058,60508.0
3059,2291.9
3060,4263.83
3061,55898.0
3062,4588.96
3063,2957.39
3064,12362.72
3065,6453.24
3066,23060.02
3067,4514.59
3068,2236.58
3069,7203.96
3070,7772.72
3071,5945.26
3072,52942.21
3073,6358.93
3074,2508.28
3075,5812.94
3076,42929.1
3077,9876.78
3078,3845.33
3079,2396.79
3080,3403.34
3081,63033.63
3082,14212.46
3083,11776.6
3084,6618.0
3085,12417.305
3086,11180.88
3087,10067.22
3088,4508.61
3089,4736.03
3090,7573.53
3091,3461.73
3092,6465.6
3093,6186.42
3094,6110.14
3095,4267.31
3096,6245.14
3097,6712.13
3098,54684.0
3099,6297.55
3100,5959.12
3101,57193.27
3102,30602.06
3103,5399.72
3104,7062.41
3105,7266.39
3106,18570.57
3107,53341.12
3108,44364.23
3109,7004.76
3110,57284.85
3111,48154.68
3112,5907.01
3113,5673.33
3114,2286.35
3115,49826.64
3116,4255.45
3117,8913.08
3118,3913.86
3119,8302.06
3120,60185.44
3121,62892.43
3122,55995.89
3123,3113.41
3124,63334.57
3125,33919.72
3126,4151.18
3127,6787.26
3128,56771.55
3129,52831.52
3130,2200.1
3131,7328.6
3132,11343.26
3133,4205.76
3134,2339.33
3135,6667.87
3136,64417.01
3137,57453.0
3138,7208.41
3139,5041.54
3140,47998.81
3141,4524.6
3142,50457.93
3143,51936.64
3144,4761.03
3145,12158.23
3146,51207.94
3147,2760.99
3148,3821.13
3149,7055.66
3150,1785.55
3151,56709.59
3152,6615.08
3153,13411.23
3154,56086.24
3155,7521.55
3156,5457.62
3157,5859.3
3158,4133.95
3159,5480.24
3160,11920.38
3161,3932.64
3162,48354.45
3163,74243.9
3164,6783.65
3165,13607.47
3166,5949.0
3167,1901.25
3168,38227.6
3169,6892.72
3170,7156.41
3171,6313.93
3172,14196.73
3173,10693.49
3174,5963.92
3175,6014.15
3176,6636.71
3177,4387.81
3178,3407.32
3179,6041.03
3180,9167.73
3181,64516.11
3182,47113.75
3183,21936.4
3184,2308.72
3185,3685.37
3186,5773.21
3187,4259.97
3188,7301.05
3189,4215.49
3190,5883.05
3191,46547.31
3192,62287.85
3193,43950.13
3194,59223.65
3195,53085.58
3196,6669.97
3197,5776.13
3198,39557.0
3199,72422.38
3200,65406.74
3201,9622.06
3202,5593.77
3203,8719.27
3204,12955.97
3205,31778.23
3206,6162.76
3207,70061.54
3208,4560.5
3209,77094.33
3210,6396.95
3211,5892.88
3212,4395.41
3213,5351.71
3214,6356.6
3215,54756.44
3216,4333.65
3217,24449.64
3218,6078.91
3219,4916.04
3220,33550.56
3221,46623.58
3222,4266.76
3223,54149.66
3224,5348.48
3225,5512.85
3226,61286.04
3227,4969.55
3228,4111.0
3229,4713.98
3230,7353.89
3231,7913.11
3232,4575.69
3233,8237.51
3234,4299.15
3235,13135.51
3236,2444.91
3237,4263.0
3238,5188.26
3239,1764.39
3240,4611.39
3241,3849.95
3242,5810.6
3243,5615.09
3244,60887.06
3245,38829.28
3246,54687.41
3247,59782.9
3248,5022.84
3249,10431.11
3250,9180.17
3251,62546.29
3252,5748.94
3253,65840.02
3254,5983.8
3255,4441.47
3256,5942.94
3257,72425.66
3258,54608.0
3259,6029.88
3260,4644.69
3261,34106.38
3262,2134.68
3263,6015.71
3264,12112.75
3265,3928.25
3266,3538.88
3267,2868.6
3268,4615.03
3269,2439.99
3270,6983.71
3271,2626.52
3272,16886.57
3273,5977.18
3274,5804.92
3275,6377.42
3276,22937.96
3277,2824.18
3278,57990.14
3279,51944.98
3280,7736.61
3281,5951.21
3282,6048.25
3283,7296.89
3284,4486.53
3285,5612.18
3286,4797.93
3287,12781.08
3288,3987.55
3289,13926.203333333333
3290,8640.59
3291,48010.23
3292,11885.55
3293,11201.51
3294,54149.08
3295,57967.65
3296,51986.33
3297,4834.94
3298,6322.92
3299,4809.76
3300,4162.4
3301,13103.03
3302,7461.31
3303,49843.5
3304,3992.6
3305,4260.34
3306,4105.29
3307,5425.36
3308,46145.74
3309,4535.18
3310,36600.59
3311,4868.94
3312,40549.24
3313,16440.415
3314,5106.54
3315,5090.79
3316,28479.98
3317,6725.31
3318,10209.21
3319,56640.49
3320,5424.81
3321,2539.58
3322,4988.11
3323,4144.95
3324,2350.14
3325,7498.07
3326,3485.07
3327,48127.92
3328,12934.92
3329,4141.66
3330,7227.58
3331,12435.34
3332,2776.78
3333,6665.92
3334,7453.49
3335,54684.0
3336,57261.52
3337,12764.05
3338,4283.84
3339,62142.31
3340,5279.12
3341,8810.21
3342,4807.89
3343,2131.28
3344,2432.96
3345,43158.46
3346,57847.49
3347,11634.63
3348,3932.66
3349,66892.42
3350,57677.65
3351,3813.82
3352,6582.89
3353,5881.12
3354,4757.97
3355,8788.38
3356,6885.2
3357,6245.54
3358,11005.04
3359,2500.98
3360,57602.79
3361,40635.31
3362,4495.88
3363,11110.41
3364,2550.35
3365,5494.34
3366,9168.47
3367,7532.0
3368,13050.01
3369,5498.52
3370,6524.0
3371,3702.26
3372,1799.33
3373,33418.8
3374,7444.53
3375,56633.88
3376,50857.12
3377,9652.89
3378,4502.18
3379,55784.67
3380,56825.79
3381,5942.92
3382,2406.7
3383,8341.8
3384,2570.19
3385,3090.0
3386,65040.29
3387,5734.32
3388,12214.34
3389,8762.22
3390,4627.35
3391,63434.09
3392,35583.76
3393,42499.43
3394,64063.65
3395,57871.52
3396,58079.21
3397,3620.38
3398,2874.51
3399,50629.33
3400,6195.41
3401,62003.25
3402,59377.3
3403,8633.49
3404,14151.67
3405,18984.22
3406,6081.78
3407,13530.62
3408,5516.11
3409,7263.7
3410,56491.77
3411,4116.48
3412,9697.21
3413,2339.0
3414,2222.36
3415,42281.15
3416,9002.19
3417,53000.33
3418,72793.44
3419,5609.69
3420,5811.26
3421,4593.08
3422,16912.92
3423,4466.28
3424,10067.93
3425,55860.84
3426,22298.8
3427,18070.85
3428,52648.94
3429,6302.87
3430,50259.17
3431,3881.23
3432,4285.9
3433,3470.72
3434,6251.12
3435,4593.0
3436,12209.87
3437,61000.4
3438,11172.24
3439,5138.6
3440,4710.03
3441,6492.24
3442,10532.44
3443,55223.16
3444,5233.53
3445,9072.2
3446,45189.15
3447,6667.83
3448,6514.85
3449,55087.85
3450,4729.41
3451,6929.83
3452,4152.96
3453,48586.69
3454,3647.44
3455,12620.89
3456,52480.28
3457,53701.46
3458,13049.48
3459,60842.54
3460,50026.41
3461,2823.7
3462,6573.29
3463,2527.57
3464,5621.02
3465,60483.83
3466,4254.49
3467,3996.24
3468,44836.01
3469,62173.66
3470,2114.47
3471,42899.03
3472,68665.74
3473,57023.4
3474,55693.46
3475,21879.82
3476,18037.62
3477,7787.51
3478,12391.83
3479,60914.86
3480,4020.66
3481,4509.41
3482,42529.08
3483,42743.72
3484,27797.68
3485,62048.99
3486,6105.2
3487,12569.54
3488,17410.49
3489,5493.53
3490,36289.78
3491,6054.57
3492,13064.32
3493,34121.2
3494,2994.96
3495,9247.26
3496,16320.65
3497,7540.83
3498,7058.08
3499,5923.39
3500,4797.89
3501,12880.08
3502,62405.77
3503,48573.68
3504,15517.37
3505,60102.86
3506,13704.07
3507,6191.33
3508,5517.99
3509,3378.26
3510,59299.95
3511,3624.0
3512,59238.47
3513,4432.14
3514,50108.97
3515,10906.89
3516,2755.02
3517,12391.97
3518,11698.44
3519,7672.56
3520,5590.19
3521,20797.76
3522,5908.01
3523,5488.61
3524,2471.49
3525,5585.93
3526,5939.59
3527,45805.0
3528,4426.29
3529,4047.61
3530,5551.59
3531,4208.93
3532,8795.31
3533,7231.5
3534,2448.39
3535,44561.61
3536,42485.0
3537,4587.21
3538,4715.66
3539,5846.67
3540,4729.7
3541,3304.32
3542,2125.58
3543,7280.16
3544,2230.34
3545,3855.09
3546,3173.0
3547,4243.15
3548,26650.78
3549,55131.64
3550,52620.81
3551,6205.2
3552,5489.82
3553,3885.76
3554,47580.45
3555,60508.0
3556,4265.5
3557,4818.6
3558,5695.74
3559,9812.05
3560,61725.28
3561,56702.98
3562,7271.94
3563,6588.69
3564,2980.48
3565,13639.66
3566,2605.17
3567,6808.36
3568,3707.25
3569,3800.85
3570,60395.23
3571,2575.73
3572,3941.28
3573,7460.65
3574,12627.15
3575,62224.26
3576,57187.15
3577,13495.17
3578,3870.25
3579,4973.5
3580,42602.6
3581,53817.57
3582,76291.85
3583,22152.0
3584,32618.82
3585,53715.95
3586,4167.75
3587,5592.75
3588,52604.17
3589,54608.0
3590,12939.28
3591,5014.63
3592,53718.38
3593,10347.39
3594,6533.42
3595,7199.38
3596,10822.53
3597,54469.84
3598,7150.33
3599,58576.84
3600,2338.45
3601,3998.17
3602,5644.2
3603,12227.97
3604,7401.91
3605,58393.1
3606,8694.39
3607,38829.28
3608,56127.16
3609,3735.18
3610,5122.2
3611,65892.98
3612,13494.9
3613,4179.95
3614,59212.83
3615,4845.3
3616,11382.56
3617,4101.69
3618,12698.44
3619,12207.91
3620,4239.08
3621,12143.99
3622,44250.33
3623,4463.69
3624,8914.5
3625,61641.32
3626,25687.12
3627,11151.64
3628,6494.5
3629,5284.54
3630,2459.35
3631,4435.58
3632,9490.62
3633,9455.32
3634,10691.41
3635,60923.69
3636,12770.79
3637,1779.57
3638,4257.07
3639,4528.73
3640,3746.38
3641,3384.65
3642,6264.39
3643,62319.81
3644,5240.84
3645,2909.97
3646,5603.64
3647,6605.8
3648,40239.26
3649,56770.61
3650,4230.47
3651,6954.76
3652,52319.15
3653,6103.01
3654,5461.8
3655,10485.75
3656,6084.66
3657,3348.04
3658,52138.8
3659,3371.02
3660,4216.55
3661,59891.71
3662,1857.45
3663,60600.2
3664,6408.47
3665,4572.05
3666,41662.75
3667,8420.52
3668,12977.09
3669,5619.12
3670,14610.74
3671,2570.37
3672,49021.05
3673,52956.06
3674,3140.23
3675,11576.42
3676,6397.64
3677,2791.43
3678,7008.94
3679,3407.77
3680,3857.88
3681,66359.32
3682,62376.61
3683,7418.24
3684,40486.18
3685,51859.26
3686,3349.23
3687,3550.15
3688,41263.04
3689,59859.28
3690,4373.53
3691,5745.7
3692,6266.1
3693,9115.01
3694,73236.56
3695,6040.99
3696,3369.91
3697,4440.34
3698,74966.59
3699,57375.86
3700,2145.81
3701,17419.164000000004
3702,6065.8
3703,1813.79
3704,4782.97
3705,5591.98
3706,14506.45
3707,7771.83
3708,4491.56
3709,6523.99
3710,34320.92
3711,55795.58
3712,55377.0
3713,13523.93
3714,2812.41
3715,6293.24
3716,4325.58
3717,7558.83
3718,11649.13
3719,4961.68
3720,24389.28
3721,4309.06
3722,4160.94
3723,6150.36
3724,4530.51
3725,64351.61
3726,62961.96
3727,4488.36
3728,54549.82
3729,11953.64
3730,7756.26
3731,6415.99
3732,2425.5
3733,4431.13
3734,4786.57
3735,59940.5
3736,4051.94
3737,12943.13
3738,10169.87
3739,6093.24
3740,54608.0
3741,60456.69
3742,7942.86
3743,8902.86
3744,24044.02
3745,54684.0
3746,9378.57
3747,73153.34
3748,7488.89
3749,6669.77
3750,6654.1
3751,4940.16
3752,50416.39
3753,6632.88
3754,66707.63
3755,4890.08
3756,31557.64
3757,7046.33
3758,7102.21
3759,6241.11
3760,15794.01
3761,4664.74
3762,1679.18
3763,66741.69
3764,51471.9
3765,2940.1
3766,3217.86
3767,2284.04
3768,51163.7
3769,49378.4
3770,4711.11
3771,6473.49
3772,3425.29
3773,6621.51
3774,9832.05
3775,3383.38
3776,7488.05
3777,5083.84
3778,4750.76
3779,5136.72
3780,43205.03
3781,6065.82
3782,12521.31
3783,52323.67
3784,10619.86
3785,14323.88
3786,54684.0
3787,53390.89
3788,56706.19
3789,13341.58
3790,2409.22
3791,4437.07
3792,56822.87
3793,12260.52
3794,38522.32
3795,4961.32
3796,5553.0
3797,13106.43
3798,39039.93
3799,23493.64
3800,5470.79
3801,5770.44
3802,9052.71
3803,28649.45
3804,9757.14
3805,7649.43
3806,6747.76
3807,5891.27
3808,8664.73
3809,4983.93
3810,56147.98
3811,53189.95
3812,54991.18
3813,45999.76
3814,9843.65
3815,5104.12
3816,2167.87
3817,53317.88
3818,44454.24
3819,2319.0
3820,3402.56
3821,7438.22
3822,54608.0
3823,3478.08
3824,34306.48
3825,6587.35
3826,39499.0
3827,41713.05
3828,7235.59
3829,12414.24
3830,12213.27
3831,6389.26
3832,5563.39
3833,5503.65
3834,4906.33
3835,35235.89
3836,4119.01
3837,34124.8
3838,56007.99
3839,11029.97
3840,2154.9
3841,52075.88
3842,63263.6
3843,5997.39
3844,27983.52
3845,59524.57
3846,4575.0
3847,35904.11
3848,5911.71
3849,6177.99
3850,2978.88
3851,2857.84
3852,5861.77
3853,42348.64
3854,7091.23
3855,4837.48
3856,58075.67
3857,6089.16
3858,6156.82
3859,11262.74
3860,5220.66
3861,10127.07
3862,3107.96
3863,51711.97
3864,3530.33
3865,46147.34
3866,24484.58
3867,8033.7
3868,4914.43
3869,25360.62
3870,2790.6
3871,51376.28
3872,4432.25
3873,6195.27
3874,31788.19
3875,7867.74
3876,5967.57
3877,5650.63
3878,6520.86
3879,12851.6
3880,49915.88
3881,9654.01
3882,4678.03
3883,6891.59
3884,6098.08
3885,60102.86
3886,4954.28
3887,27756.43
3888,10659.2
3889,2439.77
3890,4332.85
3891,6817.19
3892,4802.79
3893,6744.78
3894,10305.34
3895,39386.98
3896,1609.03
3897,6094.86
3898,2144.64
3899,4547.32
3900,7152.76
3901,11274.74
3902,4861.05
3903,55339.93
3904,46484.7
3905,58690.32
3906,4764.25
3907,50363.63
3908,60536.12
3909,58020.62
3910,6226.97
3911,3506.25
3912,3896.83
3913,5694.64
3914,5409.28
3915,13505.8
3916,6683.02
3917,6360.17
3918,60508.0
3919,8910.23
3920,68449.5
3921,54424.6
3922,32809.05
3923,4330.09
3924,6455.45
3925,55905.15
3926,6917.38
3927,2387.69
3928,7820.31
3929,5428.84
3930,4367.61
3931,4911.37
3932,5342.59
3933,3704.9
3934,5471.35
3935,4508.61
3936,2311.12
3937,7344.35
3938,7206.2
3939,4415.22
3940,6779.16
3941,5513.85
3942,5680.1
3943,45296.0
3944,54608.0
3945,2895.36
3946,10883.02
3947,8182.23
3948,61366.92
3949,5032.97
3950,7889.6
3951,3596.35
3952,5431.02
3953,9509.43
3954,6688.47
3955,1621.29
3956,52938.68
3957,10954.84
3958,4214.33
3959,7489.96
3960,5214.72
3961,57398.49
3962,6055.77
3963,5618.6
3964,57549.62
3965,6389.86
3966,5270.65
3967,8873.14
3968,5867.63
3969,5830.79
3970,56451.07
3971,2743.27
3972,3426.34
3973,6968.25
3974,8336.82
3975,5240.11
3976,40996.57
3977,40913.76
3978,49988.09
3979,4358.75
3980,58071.26
3981,55045.48
3982,11959.05
3983,45323.84
3984,3919.28
3985,4968.28
3986,24068.2
3987,46055.06
3988,8497.16
3989,24294.56
3990,5545.42
3991,4496.0
3992,2511.04
3993,4700.64
3994,4050.28
3995,3735.21
3996,3242.47
3997,56593.05
3998,7956.18
3999,4833.73
4000,60891.09
4001,49565.83
4002,74023.99
4003,6556.75
4004,10500.48
4005,4502.0
4006,3160.98
4007,14288.9
4008,7036.27
4009,4665.71
4010,6836.28
4011,8001.65
4012,66857.14
4013,4420.92
4014,54605.78
4015,8583.55
4016,5786.05
4017,4802.25
4018,32716.56
4019,5302.96
4020,58271.58
4021,4186.95
4022,56748.5
4023,6580.02
4024,5959.56
4025,72899.21
4026,11135.21
4027,7622.03
4028,41585.96
4029,55255.99
4030,55109.36
4031,12829.24
4032,48639.92
4033,2585.19
4034,2887.72
4035,54393.34
4036,2474.19
4037,10940.73
4038,56250.75
4039,5737.09
4040,7974.69
4041,4690.97
4042,4115.16
4043,5594.55
4044,17008.5
4045,5734.83
4046,7847.26
4047,5701.38
4048,6995.37
4049,4294.61
4050,5940.03
4051,23162.08
4052,47633.02
4053,38235.43
4054,3732.69
4055,10493.94
4056,6241.82
4057,2901.0
4058,4396.63
4059,35982.16
4060,7807.74
4061,8098.43
4062,73043.2
4063,5593.34
4064,4308.29
4065,45814.32
4066,9310.84
4067,2464.33
4068,4801.36
4069,2060.61
4070,10645.19
4071,55099.77
4072,57722.02
4073,3074.88
4074,3906.94
4075,12813.04
4076,11263.28
4077,11239.56
4078,50785.26
4079,4077.04
4080,5480.69
4081,11545.25
4082,12554.06
4083,3181.99
4084,4453.92
4085,54608.0
4086,3857.75
4087,11466.88
4088,5885.44
4089,69147.56
4090,7317.88
4091,6130.25
4092,8551.2
4093,8064.54
4094,5202.13
4095,4469.69
4096,50974.54
4097,6073.83
4098,57390.84
4099,59309.61
4100,45883.0
4101,3808.14
4102,3603.54
4103,4334.23
4104,7352.64
4105,69159.49
4106,52823.64
4107,12715.19
4108,8052.55
4109,45339.91
4110,5642.95
4111,85108.16
4112,6759.25
4113,5984.35
4114,14547.83
4115,6141.64
4116,5852.65
4117,62448.0
4118,14821.69
4119,37794.52
4120,4910.19
4121,52188.6
4122,12347.28
4123,54044.95
4124,3883.9
4125,4412.97
4126,3055.82
4127,56742.99
4128,1942.75
4129,8504.61
4130,69988.54
4131,6418.8
4132,44445.21
4133,56032.95
4134,45139.51
4135,4445.56
4136,2257.53
4137,65295.02
4138,57241.21
4139,3392.46
4140,56147.98
4141,4840.96
4142,6131.64
4143,60600.2
4144,6675.32
4145,11135.26
4146,9116.81
4147,4739.25
4148,7196.45
4149,6182.03
4150,4253.25
4151,4920.6
4152,56211.38
4153,7244.21
4154,2374.63
4155,1788.0
4156,7824.88
4157,6296.35
4158,4605.72
4159,8243.37
4160,7404.74
4161,5451.99
4162,3473.65
4163,52226.81
4164,13286.59
4165,6518.12
4166,54215.01
4167,2709.06
4168,4429.16
4169,2130.21
4170,10309.44
4171,5118.44
4172,66483.2
4173,11179.86
4174,5950.76
4175,4801.36
4176,58831.61
4177,64757.64
4178,6951.98
4179,3458.35
4180,11318.41
4181,41064.0
4182,65371.96
4183,5964.96
4184,43738.92
4185,56082.83
4186,3999.0
4187,10087.62
4188,5625.3
4189,4104.74
4190,62510.6
4191,47252.44
4192,3820.76
4193,57595.72
4194,58587.27
4195,58492.95
4196,4967.74
4197,7765.98
4198,2443.25
4199,59433.3
4200,2732.68
4201,52727.46
4202,22169.8
4203,7002.02
4204,6826.29
4205,5656.38
4206,5903.1
4207,32845.51
4208,4455.35
4209,14487.78
4210,41344.54
4211,4221.8
4212,5625.81
4213,7393.32
4214,5308.12
4215,6415.65
4216,49881.31
4217,11277.54
4218,6801.86
4219,6066.74
4220,13446.22
4221,4826.49
4222,4062.67
4223,65585.73
4224,5527.61
4225,6892.7
4226,45767.59
4227,58838.55
4228,3356.9
4229,45883.0
4230,4645.32
4231,57850.05
4232,5850.43
4233,4458.71
4234,11696.18
4235,51056.04
4236,7145.04
4237,10604.33
4238,5204.68
4239,54684.0
4240,11634.3
4241,10760.21
4242,3151.37
4243,5166.4
4244,5912.86
4245,6484.39
4246,3386.48
4247,10154.57
4248,5582.59
4249,3143.59
4250,57128.29
4251,11324.81
4252,7405.48
4253,3664.62
4254,41901.81
4255,2867.02
4256,4176.09
4257,4356.22
4258,5620.46
4259,69377.44
4260,63140.57
4261,3168.25
4262,4003.97
4263,49971.43
4264,3525.7
4265,5814.39
4266,6092.58
4267,43221.51
4268,38454.31
4269,79838.97
4270,11015.28
4271,23801.16
4272,4194.97
4273,2451.69
4274,4177.29
4275,6083.58
4276,5440.41
4277,4314.26
4278,13816.08
4279,50212.63
4280,5373.86
4281,5103.98
4282,6323.69
4283,11505.82
4284,59540.14
4285,6349.24
4286,1445.67
4287,9498.64
4288,56909.44
4289,54068.68
4290,12400.71
4291,7856.02
4292,5476.79
4293,31755.14
4294,5280.69
4295,7066.55
4296,51237.94
4297,17906.88
4298,42542.02
4299,55264.5
4300,45745.23
4301,69715.44
4302,5293.17
4303,19383.87
4304,49662.95
4305,7471.35
4306,81439.18
4307,6619.86
4308,2556.21
4309,56575.5
4310,42026.76
4311,52453.97
4312,27982.37
4313,50441.52
4314,6026.07
4315,60140.31
4316,6127.93
4317,65087.64
4318,55045.48
4319,4081.39
4320,5860.26
4321,7615.74
4322,17230.53
4323,12025.82
4324,64539.89
4325,6602.65
4326,5279.21
4327,6626.07
4328,49568.04
4329,66311.28
4330,5463.94
4331,8277.29
4332,6035.98
4333,44653.17
4334,7322.09
4335,2996.87
4336,77436.5
4337,3678.17
4338,2340.25
4339,51572.14
4340,6461.83
4341,40836.97
4342,4506.04
4343,54905.83
4344,60978.0
4345,5815.87
4346,5757.59
4347,6882.4
4348,3410.43
4349,12017.69
4350,59994.75
4351,5952.53
4352,4582.99
4353,71724.13
4354,6022.54
4355,9757.35
4356,47878.23
4357,49825.0
4358,3593.57
4359,12715.03
4360,4126.33
4361,49801.61
4362,44498.25
4363,4196.06
4364,47557.85
4365,63963.69
4366,67192.9
4367,40197.88
4368,5631.44
4369,45530.05
4370,1283.16
4371,6918.49
4372,64572.24
4373,5277.41
4374,8026.28
4375,59002.15
4376,4271.84
4377,12229.25
4378,32942.07
4379,67115.43
4380,3532.29
4381,60109.25
4382,10502.41
4383,1585.82
4384,69352.86
4385,4174.91
4386,5852.46
4387,4497.79
4388,6483.47
4389,4278.71
4390,11142.86
4391,3974.25
4392,4923.46
4393,7230.5
4394,5953.2
4395,5298.96
4396,58744.32
4397,52819.81
4398,38182.94
4399,69577.92
4400,4509.18
4401,17306.93
4402,63268.71
4403,5777.7
4404,6664.6
4405,1866.1
4406,53033.85
4407,58047.42
4408,5751.09
4409,4000.01
4410,6498.6
4411,4644.78
4412,4018.28
4413,47239.78
4414,4055.29
4415,4925.62
4416,6381.86
4417,55983.0
4418,4919.51
4419,58347.78
4420,53089.84
4421,6560.85
4422,61495.27
4423,5998.72
4424,5231.18
4425,3993.95
4426,39442.58
4427,2359.53
4428,7334.22
4429,6106.0
4430,51916.87
4431,9574.07
4432,9945.4
4433,6656.37
4434,51392.29
4435,35748.09
4436,3043.29
4437,2915.62
4438,5913.12
4439,6470.34
4440,5959.63
4441,6587.35
4442,20321.78
4443,16717.6
4444,3835.79
4445,39275.54
4446,4495.15
4447,11033.82
4448,3411.98
4449,3786.75
4450,41269.09
4451,5099.05
4452,8971.38
4453,4973.13
4454,8598.21
4455,6193.64
4456,3664.58
4457,6239.64
4458,46026.66
4459,6863.84
4460,5971.47
4461,11400.94
4462,5028.18
4463,6938.27
4464,6643.85
4465,5915.96
4466,10327.54
4467,52061.38
4468,23867.84
4469,9452.78
4470,3580.92
4471,45169.64
4472,7285.02
4473,4768.6
4474,4649.07
4475,46864.8
4476,9117.39
4477,70209.06
4478,4921.91
4479,3534.24
4480,5287.62
4481,58699.65
4482,5646.46
4483,3169.63
4484,30337.88
4485,49859.88
4486,3593.27
4487,10551.45
4488,2934.73
4489,3548.05
4490,47152.81
4491,43911.4
4492,55061.37
4493,7423.79
4494,51500.62
4495,6971.85
4496,51750.6
4497,74121.44
4498,22288.94
4499,60700.31
4500,58119.95
4501,6736.77
4502,9917.34
4503,8792.44
4504,4239.31
4505,12073.58
4506,56256.92
4507,4657.56
4508,5661.77
4509,56697.84
4510,52287.0
4511,4229.84
4512,5660.76
4513,6416.49
4514,5170.25
4515,27234.44
4516,6182.03
4517,65537.83
4518,5009.18
4519,6455.51
4520,6144.46
4521,13177.24
4522,6371.89
4523,5205.32
4524,11111.81
4525,5775.53
4526,4829.83
4527,4931.05
4528,15259.35
4529,3871.55
4530,2122.84
4531,3882.67
4532,12881.66
4533,55569.27
4534,8622.64
4535,53790.06
4536,58477.39
4537,4361.0
4538,4021.31
4539,5225.08
4540,4844.63
4541,6363.93
4542,11337.07
4543,53840.66
4544,28085.55
4545,7025.18
4546,44469.92
4547,54608.0
4548,66114.8
4549,4866.2
4550,5486.38
4551,3860.93
4552,6115.65
4553,12933.54
4554,25192.24
4555,8640.4
4556,51516.65
4557,13088.38
4558,13491.21
4559,40307.9
4560,66950.4
4561,7334.15
4562,4305.2975
4563,9610.65
4564,4048.93
4565,39479.82
4566,6186.96
4567,11395.575
4568,4614.02
4569,4173.47
4570,4082.41
4571,6639.86
4572,7034.66
4573,6577.55
4574,2489.68
4575,6472.05
4576,5254.99
4577,5949.11
4578,5783.84
4579,1801.74
4580,7000.2
4581,4602.4
4582,53603.83
4583,3905.95
4584,54019.78
4585,3151.53
4586,3316.05
4587,11515.0
4588,53979.43
4589,3713.74
4590,49684.68
4591,10502.39
4592,12831.05
4593,3379.84
4594,38777.47
4595,3572.07
4596,6041.66
4597,8015.18
4598,4200.21
4599,2537.56
4600,6629.6
4601,45556.16
4602,12815.77
4603,55430.49
4604,6409.47
4605,40705.25
4606,7662.41
4607,3256.3
4608,6514.96
4609,3687.11
4610,6801.71
4611,51589.93
4612,67209.79
4613,3959.84
4614,1711.02
4615,56588.0
4616,2248.8
4617,4184.36
4618,4168.84
4619,46862.99
4620,2519.23
4621,8888.56
4622,2906.14
4623,2026.76
4624,8811.41
4625,13554.23
4626,8701.3
4627,39063.44
4628,3172.04
4629,6126.16
4630,10375.29
4631,5411.29
4632,8886.69
4633,69909.4
4634,48318.03
4635,7576.69
4636,54137.12
4637,10389.27
4638,13833.01
4639,36510.61
4640,3684.95
4641,5514.83
4642,8086.94
4643,50306.53
4644,11037.08
4645,3856.24
4646,9197.54
4647,52287.0
4648,2643.69
4649,66314.49
4650,55118.86
4651,12413.97
4652,4246.01
4653,11784.88
4654,53300.69
4655,11594.39
4656,56860.94
4657,63375.67
4658,11691.06
4659,6993.796000000001
4660,57345.47
4661,5543.0
4662,70723.4
4663,17513.35
4664,62473.58
4665,53344.85
4666,4324.53
4667,6756.18
4668,16668.92
4669,5564.92
4670,9567.48
4671,57723.73
4672,10019.17
4673,53979.43
4674,4301.72
4675,55284.66
4676,3446.75
4677,56072.55
4678,42385.57
4679,64717.76
4680,6548.24
4681,5368.1
4682,22537.6
4683,15024.14
4684,55503.46
4685,51830.2
4686,6369.11
4687,43730.98
4688,5200.61
4689,61162.04
4690,9686.12
4691,14621.28
4692,6322.1
4693,52926.86
4694,6560.43
4695,56389.96
4696,6440.1
4697,51371.47
4698,20918.92
4699,23205.96
4700,61539.58
4701,6417.05
4702,6242.29
4703,4490.92
4704,11121.69
4705,8810.75
4706,6527.2
4707,5184.77
4708,2124.0
4709,56568.1
4710,2471.29
4711,3531.98
4712,6851.1
4713,13605.11
4714,6141.28
4715,38099.0
4716,5937.17
4717,3765.29
4718,29596.98
4719,31160.55
4720,53061.07
4721,40537.9
4722,15468.22
4723,30306.45
4724,33373.33
4725,5831.08
4726,5910.64
4727,6481.78
4728,45883.0
4729,4573.13
4730,50690.99
4731,8991.8
4732,69076.28
4733,52216.78
4734,6669.96
4735,54608.0
4736,5602.43
4737,5790.3
4738,47785.14
4739,4621.83
4740,7558.03
4741,45805.0
4742,2736.48
4743,2344.84
4744,5164.16
4745,8486.48
4746,4769.66
4747,51405.8
4748,53846.2
4749,48360.21
4750,9087.56
4751,77627.54
4752,11291.78
4753,5967.85
4754,65743.85
4755,7133.71
4756,3420.79
4757,7214.48
4758,7469.96
4759,2226.8
4760,66107.94
4761,5797.22
4762,42727.58
4763,6116.03
4764,4596.05
4765,10964.77
4766,58675.16
4767,59702.28
4768,57761.11
4769,8980.38
4770,9134.46
4771,4495.08
4772,2602.69
4773,9534.46
4774,53402.25
4775,4438.12
4776,4676.7
4777,51573.8
4778,69054.72
4779,43088.86
4780,3999.53
4781,52128.61
4782,5874.6
4783,42447.48
4784,40815.0
4785,34012.42
4786,5154.52
4787,4692.4
4788,43791.14
4789,7542.74
4790,41837.77
4791,55992.79
4792,7047.52
4793,52463.87
4794,6301.82
4795,75755.37
4796,22704.54
4797,46627.96
4798,7534.02
4799,5399.81
4800,7141.49
4801,2981.17
4802,4122.32
4803,6677.67
4804,5341.37
4805,46633.03
4806,6396.1
4807,4815.06
4808,3161.57
4809,3629.47
4810,5479.33
4811,11131.34
4812,47499.04
4813,6638.57
4814,2627.32
4815,17340.96
4816,6448.26
4817,2969.89
4818,3953.86
4819,3732.6
4820,3169.4
4821,43213.96
4822,63617.23
4823,4854.87
4824,11679.3
4825,5924.6
4826,50265.54
4827,6652.2
4828,5127.11
4829,5950.87
4830,5855.44
4831,6576.26
4832,5821.33
4833,39039.54
4834,6183.63
4835,5855.87
4836,23324.66
4837,55580.92
4838,4750.43
4839,6471.55
4840,62483.84
4841,48521.2
4842,5706.87
4843,51431.22
4844,17608.28
4845,60661.04
4846,5040.7
4847,4503.78
4848,2755.19
4849,44481.13
4850,3090.0
4851,3097.11
4852,7124.16
4853,9049.04
4854,16416.99
4855,4071.1
4856,4049.56
4857,6554.71
4858,5456.92
4859,4780.7
4860,54621.62
4861,7347.87
4862,5966.23
4863,9225.47
4864,42074.75
4865,4185.93
4866,4991.88
4867,2581.76
4868,4705.02
4869,5514.35
4870,6087.27
4871,52116.93
4872,6143.71
4873,10090.98
4874,46163.12
4875,55749.25
4876,5821.96
4877,6202.64
4878,2521.11
4879,43928.15
4880,8189.19
4881,13758.61
4882,38248.53
4883,10460.15
4884,52622.04
4885,60397.12
4886,3461.78
4887,2283.06
4888,7601.34
4889,3864.42
4890,1799.41
4891,56476.0
4892,6083.23
4893,14442.31
4894,7368.92
4895,5807.83
4896,6628.65
4897,11857.353500000001
4898,3410.09
4899,42734.94
4900,4551.3
4901,5811.79
4902,9257.3
4903,6483.8
4904,32945.4
4905,4495.61
4906,67055.08
4907,4606.91
4908,62523.51
4909,2176.42
4910,4987.53
4911,5023.11
4912,6307.03
4913,7824.59
4914,5954.6
4915,62891.69
4916,2468.18
4917,47234.41
4918,49794.92
4919,7348.3
4920,2617.12
4921,73401.13
4922,6415.13
4923,70616.5
4924,5953.86
4925,7072.71
4926,31774.41
4927,11973.01
4928,5580.44
4929,6000.6
4930,55919.34
4931,50265.54
4932,5021.93
4933,4499.86
4934,12464.22
4935,7753.16
4936,5057.28
4937,6124.98
4938,5798.17
4939,45800.0
4940,6077.49
4941,4502.09
4942,5857.32
4943,5830.34
4944,66091.57
4945,53294.9
4946,4441.37
4947,32361.49
4948,8657.13
4949,4053.1
4950,4289.86
4951,37985.0
4952,3984.39
4953,51123.28
4954,2357.75
4955,5660.03
4956,5293.69
4957,4421.76
4958,4306.94
4959,6418.48
4960,4476.08
4961,6484.4
4962,12779.1
4963,5511.39
4964,11811.64
4965,4532.33
4966,56476.0
4967,61497.26
4968,3880.94
4969,3016.64
4970,13037.33
4971,4979.18
4972,4074.3
4973,12929.28
4974,7911.07
4975,6554.03
4976,46379.07
4977,6288.35
4978,3519.94
4979,5102.6
4980,46037.96
4981,9243.58
4982,3963.79
4983,13365.22
4984,3352.68
4985,6601.59
4986,5872.21
4987,3910.76
4988,5726.79
4989,49673.96
4990,27963.18
4991,17604.0
4992,54684.0
4993,7995.29
4994,10054.65
4995,6427.27
4996,60667.32
4997,4498.07
4998,50183.24
4999,50242.85
5000,62373.53
